{
	"name": "camera-follow-token",
	"title": "Camera Follow Token",
	"description": "Adds a checkbox to the Token configuration window which sets the camera to follow that token.",
	"author": "edzillion",
	"version": "0.2.0",
	"minimumCoreVersion": "0.6.0",
	"compatibleCoreVersion": "0.6.6",
	"esmodules": [
		"./camera-follow-token.js"
	],
	"url": "https://github.com/edzillion/camera-follow-token",
	"manifest": "https://raw.githubusercontent.com/edzillion/camera-follow-token/master/src/module.json",
	"download": "https://github.com/edzillion/camera-follow-token/releases/download/v0.2.0/camera-follow-token-v0.2.0.zip"
}